LINKID,CELLID,LAC,
426,20969,54205,Shanghai@204
425,20969,54205,
444,20969,54205,
443,20969,54205,
442,20969,54205,
445,20969,54205,
446,20969,54205,
447,20969,54205,
448,20969,54205,
449,20969,54205,
450,20969,54205,
451,20969,54205,
452,20969,54205,
453,20969,54205,
454,20969,54205,
455,20969,54205,
456,20969,54205,
435,20969,54205,
436,20969,54205,
437,20969,54205,
434,20969,54205,
438,20969,54205,
439,20969,54205,
440,20969,54205,
441,20969,54205,
10641,20969,54205,
10642,20969,54205,
10643,20969,54205,
10644,20969,54205,
10645,20969,54205,
10646,20969,54205,
10647,20969,54205,
10648,20969,54205,
10649,20969,54205,
10650,20969,54205,
10651,20969,54205,
10652,20969,54205,
10653,20969,54205,
10654,20969,54205,
10655,20969,54205,
10633,20969,54205,
10087,20969,54205,
10632,20969,54205,
10634,20969,54205,
10635,20969,54205,
10636,20969,54205,
10661,20969,54205,
10664,20969,54205,
10666,20969,54205,
10637,20969,54205,
10659,20969,54205,
10656,20969,54205,
10657,20969,54205,
10658,20969,54205,
10660,20969,54205,
10663,20969,54205,
10766,20969,25454,xianfu@204
541,20969,25454,
10769,20969,25454,
535,20969,25454,
10767,20969,25454,
540,20969,25454,
10768,20969,25454,
539,20969,25454,
19765,20969,25454,
544,20969,25454,
10764,20969,25454,
543,20969,25454,
10763,20969,25454,
542,20969,25454,
10757,20969,25454,
19758,20969,25454,
534,20969,25454,
10759,20969,25454,
536,20969,25454,
10760,20969,25454,
538,20969,25454,
10761,20969,25454,
533,20969,25454,
10762,20969,25454,
537,20969,25454,
10754,20969,25454,
10755,20969,25454,
10756,20969,25454,
531,20969,25454,
530,20969,25454,
532,20969,25454,
10751,20969,25454,
528,20969,25454,
10752,20969,25454,
529,20969,25454,
10753,20969,25454,
527,20969,25454,
10745,20969,25454,
526,20969,25454,
10746,20969,25454,
523,20969,25454,
10747,20969,25454,
524,20969,25454,
10748,20969,25454,
521,20969,25454,
10749,20969,25454,
522,20969,25454,
10750,20969,25454,
525,20969,25454,
10780,20969,25454,
10770,20969,25454,
10773,20969,25454,
10771,20969,25454,
10776,20969,25454,
10775,20969,25454,
10779,20969,25454,
10772,20969,25454,
10778,20969,25454,
10777,20969,25454,
10774,20969,25454,
10721,20969,25425,Xianfu@Renmin
501,20969,25425,
10739,20969,25425,
516,20969,25425,
10730,20969,25425,
10722,20969,25425,
505,20969,25425,
10740,20969,25425,
492,20969,25425,
10704,20969,25425,
10723,20969,25425,
504,20969,25425,
10741,20969,25425,
496,20969,25425,
10711,20969,25425,
10729,20969,25425,
511,20969,25425,
10744,20969,25425,
503,20969,25425,
10724,20969,25425,
10728,20969,25425,
512,20969,25425,
10742,20969,25425,
498,20969,25425,
10710,20969,25425,
10727,20969,25425,
515,20969,25425,
10743,20969,25425,
489,20969,25425,
10703,20969,25425,
10706,20969,25425,
490,20969,25425,
10738,20969,25425,
514,20969,25425,
10732,20969,25425,
10707,20969,25425,
491,20969,25425,
10737,20969,25425,
506,20969,25425,
10725,20969,25425,
10708,20969,25425,
493,20969,25425,
10736,20969,25425,
497,20969,25425,
10709,20969,25425,
10714,20969,25425,
500,20969,25425,
10733,20969,25425,
502,20969,25425,
10726,20969,25425,
10713,20969,25425,
499,20969,25425,
10734,20969,25425,
513,20969,25425,
10731,20969,25425,
10712,20969,25425,
495,20969,25425,
10735,20969,25425,
494,20969,25425,
10705,20969,25425,
10690,20969,25418,Shanghai@Renmin
10689,20969,25418,
10688,20969,25418,
483,20969,25418,
482,20969,25418,
481,20969,25418,
10687,20969,25418,
10686,20969,25418,
10685,20969,25418,
469,20969,25418,
480,20969,25418,
484,20969,25418,
10667,20969,25418,
10668,20969,25418,
10669,20969,25418,
10670,20969,25418,
10671,20969,25418,
10672,20969,25418,
464,20969,25418,
463,20969,25418,
465,20969,25418,
462,20969,25418,
466,20969,25418,
461,20969,25418,
472,20969,25418,
471,20969,25418,
470,20969,25418,
468,20969,25418,
467,20969,25418,
10673,20969,25418,
10674,20969,25418,
10675,20969,25418,
10677,20969,25418,
10676,20969,25418,
10678,20969,25418,
478,20969,25418,
477,20969,25418,
476,20969,25418,
475,20969,25418,
474,20969,25418,
473,20969,25418,
10683,20969,25418,
10682,20969,25418,
10684,20969,25418,
10681,20969,25418,
10680,20969,25418,
10679,20969,25418,
10699,20969,25418,
10696,20969,25418,
10698,20969,25418,
10702,20969,25418,
10700,20969,25418,
10691,20969,25418,
10694,20969,25418,
10697,20969,25418,
10693,20969,25418,
10695,20969,25418,
10701,20969,25418,
10692,20969,25418,
10383,53631,49002,Shanghai@Taiping
10384,53631,49002,
10385,53631,49002,
10382,53631,49002,
10381,53631,49002,
10380,53631,49002,
10379,53631,49002,
274,53631,49002,
272,53631,49002,
271,53631,49002,
273,53631,49002,
269,53631,49002,
270,53631,49002,
281,53631,49002,
283,53631,49002,
284,53631,49002,
286,53631,49002,
285,53631,49002,
282,53631,49002,
10393,53631,49002,
10394,53631,49002,
10395,53631,49002,
10399,53631,49002,
10398,53631,49002,
10397,53631,49002,
10396,53631,49002,
277,53631,49002,
276,53631,49002,
275,53631,49002,
280,53631,49002,
279,53631,49002,
10386,53631,49002,
10387,53631,49002,
10389,53631,49002,
10392,53631,49002,
10391,53631,49002,
10390,53631,49002,
268,53631,49002,
263,53631,49002,
267,53631,49002,
266,53631,49002,
264,53631,49002,
265,53631,49002,
10372,53631,49002,
10373,53631,49002,
10374,53631,49002,
10375,53631,49002,
10378,53631,49002,
10377,53631,49002,
10376,53631,49002,
10408,53631,49002,
10404,53631,49002,
10401,53631,49002,
10402,53631,49002,
10409,53631,49002,
10415,53631,49002,
10407,53631,49002,
10410,53631,49002,
10405,53631,49002,
10406,53631,49002,
10403,53631,49002,
10412,53631,49002,
10413,53631,49002,
10414,53631,49002,
10411,53631,49002,
10400,53631,49002,
10426,20969,25400,Xianfu@Taiping
10427,20969,25400,
10428,20969,25400,
10429,20969,25400,
10425,20969,25400,
10424,20969,25400,
10423,20969,25400,
302,20969,25400,
301,20969,25400,
300,20969,25400,
297,20969,25400,
298,20969,25400,
299,20969,25400,
10430,20969,25400,
10431,20969,25400,
10432,20969,25400,
10434,20969,25400,
10435,20969,25400,
10436,20969,25400,
10433,20969,25400,
303,20969,25400,
304,20969,25400,
307,20969,25400,
308,20969,25400,
305,20969,25400,
306,20969,25400,
10440,20969,25400,
10439,20969,25400,
10438,20969,25400,
10437,20969,25400,
311,20969,25400,
312,20969,25400,
309,20969,25400,
310,20969,25400,
296,20969,25400,
292,20969,25400,
10420,20969,25400,
10421,20969,25400,
10422,20969,25400,
10419,20969,25400,
10418,20969,25400,
10417,20969,25400,
10416,20969,25400,
291,20969,25400,
295,20969,25400,
294,20969,25400,
293,20969,25400,
10445,20969,25400,
10448,20969,25400,
10449,20969,25400,
10453,20969,25400,
10447,20969,25400,
10452,20969,25400,
10456,20969,25400,
10451,20969,25400,
10444,20969,25400,
10443,20969,25400,
10442,20969,25400,
10441,20969,25400,
10446,20969,25400,
10450,20969,25400,
10353,20822,3542,
10354,20822,3542,
10355,20822,3542,
10352,20822,3542,
255,20822,3542,
256,20822,3542,
258,20822,3542,
257,20822,3542,
10351,20822,3542,
10350,20822,3542,
10349,20822,3542,
254,20822,3542,
253,20822,3542,
10328,20822,3542,
10329,20822,3542,
10330,20822,3542,
235,20822,3542,
236,20822,3542,
238,20822,3542,
10331,20822,3542,
10332,20822,3542,
10333,20822,3542,
10334,20822,3542,
239,20822,3542,
240,20822,3542,
237,20822,3542,
10335,20822,3542,
10336,20822,3542,
10337,20822,3542,
10338,20822,3542,
10341,20822,3542,
10340,20822,3542,
10339,20822,3542,
242,20822,3542,
241,20822,3542,
243,20822,3542,
245,20822,3542,
246,20822,3542,
244,20822,3542,
10342,20822,3542,
10343,20822,3542,
10344,20822,3542,
10348,20822,3542,
10347,20822,3542,
10346,20822,3542,
10345,20822,3542,
252,20822,3542,
251,20822,3542,
247,20822,3542,
250,20822,3542,
239,20822,3542,
10364,20822,3542,
10360,20822,3542,
10363,20822,3542,
10365,20822,3542,
10359,20822,3542,
10369,20822,3542,
10370,20822,3542,
10366,20822,3542,
10362,20822,3542,
10361,20822,3542,
10358,20822,3542,
10368,20822,3542,
10367,20822,3542,
10357,20822,3542,
10371,20822,3542,
10356,20822,3542,
10302,20822,24132,Shanghai@Dongcang
10303,20822,24132,
10304,20822,24132,
10301,20822,24132,
10300,20822,24132,
10299,20822,24132,
10298,20822,24132,
222,20822,24132,
226,20822,24132,
221,20822,24132,
223,20822,24132,
225,20822,24132,
224,20822,24132,
10284,20822,24132,
10285,20822,24132,
10286,20822,24132,
10288,20822,24132,
10290,20822,24132,
10289,20822,24132,
10287,20822,24132,
212,20822,24132,
211,20822,24132,
209,20822,24132,
213,20822,24132,
210,20822,24132,
214,20822,24132,
10291,20822,24132,
10292,20822,24132,
10293,20822,24132,
215,20822,24132,
216,20822,24132,
10294,20822,24132,
10297,20822,24132,
10296,20822,24132,
10295,20822,24132,
217,20822,24132,
219,20822,24132,
218,20822,24132,
220,20822,24132,
10306,20822,24132,
10306,20822,24132,
10307,20822,24132,
10311,20822,24132,
10310,20822,24132,
10309,20822,24132,
10308,20822,24132,
232,20822,24132,
231,20822,24132,
230,20822,24132,
228,20822,24132,
229,20822,24132,
227,20822,24132,
10320,20822,24132,
10324,20822,24132,
10323,20822,24132,
10312,20822,24132,
10313,20822,24132,
10316,20822,24132,
10327,20822,24132,
10319,20822,24132,
10326,20822,24132,
10325,20822,24132,
10321,20822,24132,
10322,20822,24132,
10315,20822,24132,
10314,20822,24132,
10318,20822,24132,
10317,20822,24132,
10074,20822,54403,Shanghai@Dongting
10071,20822,54403,
10072,20822,54403,
10073,20822,54403,
10075,20822,54403,
10076,20822,54403,
10077,20822,54403,
73,20822,54403,
74,20822,54403,
75,20822,54403,
76,20822,54403,
77,20822,54403,
78,20822,54403,
10081,20822,54403,
10080,20822,54403,
10079,20822,54403,
10084,20822,54403,
10083,20822,54403,
10082,20822,54403,
10085,20822,54403,
84,20822,54403,
83,20822,54403,
82,20822,54403,
81,20822,54403,
86,20822,54403,
85,20822,54403,
10086,20822,54403,
10027,20822,54403,
10088,20822,54403,
10095,20822,54403,
10092,20822,54403,
10093,20822,54403,
10094,20822,54403,
92,20822,54403,
90,20822,54403,
87,20822,54403,
88,20822,54403,
89,20822,54403,
93,20822,54403,
10070,20822,54403,
10069,20822,54403,
10068,20822,54403,
10067,20822,54403,
10066,20822,54403,
10065,20822,54403,
10064,20822,54403,
72,20822,54403,
71,20822,54403,
70,20822,54403,
68,20822,54403,
67,20822,54403,
69,20822,54403,
10089,20822,54403,
10099,20822,54403,
10078,20822,54403,
10105,20822,54403,
10096,20822,54403,
10103,20822,54403,
10107,20822,54403,
10104,20822,54403,
10101,20822,54403,
10100,20822,54403,
10090,20822,54403,
10091,20822,54403,
10097,20822,54403,
10102,20822,54403,
10098,20822,54403,
10106,20822,54403,
10128,20822,35417,Xianfu@Dongting
10127,20822,35417,
10126,20822,35417,
10125,20822,35417,
10123,20822,35417,
10120,20822,35417,
10122,20822,35417,
107,20822,35417,
122,20822,35417,
111,20822,35417,
110,20822,35417,
109,20822,35417,
108,20822,35417,
10129,20822,35417,
10130,20822,35417,
10131,20822,35417,
10136,20822,35417,
10139,20822,35417,
10138,20822,35417,
10137,20822,35417,
114,20822,35417,
113,20822,35417,
115,20822,35417,
116,20822,35417,
117,20822,35417,
118,20822,35417,
10112,20822,35417,
10113,20822,35417,
10114,20822,35417,
10111,20822,35417,
10108,20822,35417,
10109,20822,35417,
10110,20822,35417,
100,20822,35417,
99,20822,35417,
95,20822,35417,
98,20822,35417,
97,20822,35417,
96,20822,35417,
101,20822,35417,
10121,20822,35417,
10132,20822,35417,
106,20822,35417,
10119,20822,35417,
105,20822,35417,
103,20822,35417,
104,20822,35417,
102,20822,35417,
10118,20822,35417,
10115,20822,35417,
10116,20822,35417,
10117,20822,35417,
10146,20822,35417,
10124,20822,35417,
10148,20822,35417,
10140,20822,35417,
10147,20822,35417,
10149,20822,35417,
10143,20822,35417,
10150,20822,35417,
10141,20822,35417,
10142,20822,35417,
10134,20822,35417,
10133,20822,35417,
10114,20822,35417,
10135,20822,35417,
10145,20822,35417,
10151,20822,35417,
10003,20822,35416,Xianfu@Loujiang
10004,20822,35416,
10005,20822,35416,
10006,20822,35416,
10007,20822,35416,
10008,20822,35416,
23,20822,35416,
24,20822,35416,
25,20822,35416,
26,20822,35416,
27,20822,35416,
28,20822,35416,
10009,20822,35416,
10010,20822,35416,
10011,20822,35416,
10012,20822,35416,
10013,20822,35416,
10014,20822,35416,
29,20822,35416,
30,20822,35416,
31,20822,35416,
32,20822,35416,
34,20822,35416,
33,20822,35416,
10017,20822,35416,
10016,20822,35416,
10015,20822,35416,
10002,20822,35416,
10001,20822,35416,
10000,20822,35416,
40,20822,35416,
39,20822,35416,
36,20822,35416,
37,20822,35416,
38,20822,35416,
35,20822,35416,
10022,20822,35416,
10026,20822,35416,
10019,20822,35416,
10018,20822,35416,
10021,20822,35416,
10631,20822,35416,
10023,20822,35416,
10025,20822,35416,
10024,20822,35416,
10020,20822,35416,
10034,20822,54401,Shanghai@Loujiang
10035,20822,54401,
10036,20822,54401,
10037,20822,54401,
10038,20822,54401,
10039,20822,54401,
52,20822,54401,
47,20822,54401,
48,20822,54401,
51,20822,54401,
49,20822,54401,
50,20822,54401,
10028,20822,54401,
10029,20822,54401,
10030,20822,54401,
10033,20822,54401,
10032,20822,54401,
10031,20822,54401,
41,20822,54401,
42,20822,54401,
43,20822,54401,
44,20822,54401,
45,20822,54401,
46,20822,54401,
10051,20822,54401,
10050,20822,54401,
10049,20822,54401,
10048,20822,54401,
10047,20822,54401,
10046,20822,54401,
62,20822,54401,
63,20822,54401,
59,20822,54401,
60,20822,54401,
64,20822,54401,
61,20822,54401,
10045,20822,54401,
10044,20822,54401,
10043,20822,54401,
10042,20822,54401,
10041,20822,54401,
10040,20822,54401,
55,20822,54401,
54,20822,54401,
53,20822,54401,
56,20822,54401,
58,20822,54401,
57,20822,54401,
10063,20822,54401,
10058,20822,54401,
10053,20822,54401,
10056,20822,54401,
10052,20822,54401,
10055,20822,54401,
10059,20822,54401,
10061,20822,54401,
10057,20822,54401,
10062,20822,54401,
10054,20822,54401,
10060,20822,54401,
21,20822,14085,
22,20822,14085,
3,20822,41472,
4,20822,41472,
17,20822,54402,
18,20822,54402,
121,20822,41096,
122,20822,41096,
123,20822,45452,
124,20822,45452,
10159,20822,25463,Chaoyang@Loujiang
10160,20823,25463,
10161,20824,25463,
10162,20825,25463,
10163,20826,25463,
10164,20827,25463,
10165,20828,25463,
131,20829,25463,
134,20830,25463,
132,20831,25463,
135,20832,25463,
133,20833,25463,
136,20834,25463,
10166,20835,25463,
10167,20836,25463,
10168,20837,25463,
10169,20838,25463,
10170,20839,25463,
10171,20840,25463,
10172,20841,25463,
137,20842,25463,
138,20843,25463,
139,20844,25463,
140,20845,25463,
141,20846,25463,
142,20847,25463,
10173,20848,25463,
10174,20849,25463,
10175,20850,25463,
10176,20851,25463,
10177,20852,25463,
10178,20853,25463,
10179,20854,25463,
143,20855,25463,
144,20856,25463,
145,20857,25463,
146,20858,25463,
147,20859,25463,
148,20860,25463,
10152,20861,25463,
10153,20862,25463,
10154,20863,25463,
10155,20864,25463,
10156,20865,25463,
10157,20866,25463,
10158,20867,25463,
125,20868,25463,
126,20869,25463,
127,20870,25463,
128,20871,25463,
129,20872,25463,
130,20873,25463,
10187,20874,25463,
10188,20875,25463,
10192,20876,25463,
10189,20877,25463,
10193,20878,25463,
10183,20879,25463,
10186,20880,25463,
10184,20881,25463,
10185,20882,25463,
10191,20883,25463,
10182,20884,25463,
10195,20885,25463,
10181,20886,25463,
10190,20887,25463,
10180,20888,25463,
10194,20889,25463,
339,20890,25463,
340,20891,25463,
10505,20822,54303,Zhenghe@Dongting
10506,20822,54303,
10507,20822,54303,
10508,20822,54303,
10509,20822,54303,
10510,20822,54303,
10511,20822,54303,
351,20822,54303,
352,20822,54303,
353,20822,54303,
354,20822,54303,
355,20822,54303,
356,20822,54303,
10512,20822,54303,
10513,20822,54303,
10514,20822,54303,
10515,20822,54303,
10516,20822,54303,
10517,20822,54303,
10518,20822,54303,
10519,20822,54303,
10520,20822,54303,
10521,20822,54303,
10522,20822,54303,
10523,20822,54303,
10524,20822,54303,
10525,20822,54303,
357,20822,54303,
358,20822,54303,
359,20822,54303,
360,20822,54303,
361,20822,54303,
362,20822,54303,
363,20822,54303,
364,20822,54303,
365,20822,54303,
366,20822,54303,
367,20822,54303,
368,20822,54303,
10498,20822,54303,
10499,20822,54303,
10500,20822,54303,
10501,20822,54303,
10502,20822,54303,
10503,20822,54303,
10504,20822,54303,
345,20822,54303,
346,20822,54303,
347,20822,54303,
348,20822,54303,
349,20822,54303,
350,20822,54303,
10538,20822,54303,
10535,20822,54303,
10529,20822,54303,
10536,20822,54303,
10539,20822,54303,
10540,20822,54303,
10530,20822,54303,
10527,20822,54303,
10537,20822,54303,
10528,20822,54303,
10533,20822,54303,
10532,20822,54303,
10534,20822,54303,
10531,20822,54303,
10526,20822,54303,
10541,20822,54303,
343,20822,54582,
344,20822,54582,
341,20822,24004,
606,20822,24004,
94,20822,42065,
608,20822,42065,
91,20822,25417,
607,20822,25417,
12,20822,41084,
609,20822,41084,
11,20822,55417,
610,20822,55417,
20,20822,25416,
613,20822,25416,
19,20822,54404,
614,20822,54404,
18,20822,25477,
615,20822,25477,
17,20822,54402,
616,20822,54402,
80,20822,41083,
611,20822,41083,
79,20822,45417,
612,20822,45417,
2,20822,54003,
617,20822,54003,
1,20822,54002,
618,20822,54002,
119,20822,54005,
619,20822,54005,
120,20822,25463,
620,20822,25463,
66,20822,54406,
621,20822,54406,
65,20822,25440,
622,20822,25440,
10196,20822,15440,Chaoyang@Dongting
10197,20822,15440,
10198,20822,15440,
10199,20822,15440,
10200,20822,15440,
10201,20822,15440,
10202,20822,15440,
10203,20822,15440,
10204,20822,15440,
10205,20822,15440,
10206,20822,15440,
10207,20822,15440,
10208,20822,15440,
10209,20822,15440,
10210,20822,15440,
10211,20822,15440,
10212,20822,15440,
10213,20822,15440,
10214,20822,15440,
10215,20822,15440,
10216,20822,15440,
10217,20822,15440,
10218,20822,15440,
10219,20822,15440,
10220,20822,15440,
10221,20822,15440,
10222,20822,15440,
10223,20822,15440,
153,20822,15440,
154,20822,15440,
155,20822,15440,
156,20822,15440,
157,20822,15440,
158,20822,15440,
159,20822,15440,
160,20822,15440,
161,20822,15440,
162,20822,15440,
163,20822,15440,
164,20822,15440,
165,20822,15440,
166,20822,15440,
167,20822,15440,
168,20822,15440,
169,20822,15440,
170,20822,15440,
171,20822,15440,
172,20822,15440,
173,20822,15440,
174,20822,15440,
175,20822,15440,
176,20822,15440,
177,20822,15440,
10238,20822,15440,
10229,20822,15440,
10235,20822,15440,
10228,20822,15440,
10232,20822,15440,
10231,20822,15440,
10236,20822,15440,
10237,20822,15440,
10234,20822,15440,
10225,20822,15440,
10239,20822,15440,
10226,20822,15440,
10230,20822,15440,
10224,20822,15440,
10227,20822,15440,
10233,20822,15440,
151,20822,54521,
152,20822,54521,
14,20822,25415,
624,20822,25415,
6,20822,42045,
626,20822,42045,
150,20822,54523,
627,20822,54523,
10542,20822,24113,Zhenghe@Dongcang
10543,20822,24113,
10544,20822,24113,
10545,20822,24113,
10546,20822,24113,
10547,20822,24113,
10548,20822,24113,
10549,20822,24113,
10550,20822,24113,
10551,20822,24113,
10552,20822,24113,
10553,20822,24113,
10554,20822,24113,
10555,20822,24113,
10556,20822,24113,
10557,20822,24113,
10558,20822,24113,
10559,20822,24113,
10560,20822,24113,
10561,20822,24113,
10562,20822,24113,
10563,20822,24113,
10564,20822,24113,
10565,20822,24113,
10566,20822,24113,
10567,20822,24113,
10568,20822,24113,
10569,20822,24113,
373,20822,24113,
374,20822,24113,
375,20822,24113,
376,20822,24113,
377,20822,24113,
378,20822,24113,
379,20822,24113,
380,20822,24113,
381,20822,24113,
382,20822,24113,
383,20822,24113,
384,20822,24113,
385,20822,24113,
386,20822,24113,
387,20822,24113,
388,20822,24113,
389,20822,24113,
390,20822,24113,
391,20822,24113,
392,20822,24113,
393,20822,24113,
394,20822,24113,
395,20822,24113,
396,20822,24113,
10573,20822,24113,
10580,20822,24113,
10582,20822,24113,
10579,20822,24113,
10572,20822,24113,
10575,20822,24113,
10576,20822,24113,
10583,20822,24113,
10571,20822,24113,
10584,20822,24113,
10574,20822,24113,
10578,20822,24113,
10577,20822,24113,
10581,20822,24113,
10585,20822,24113,
10570,20822,24113,
342,20822,14206,
605,20822,14206,
371,20822,40043,
372,20822,40043,
369,20822,54645,
629,20822,54645,
233,20822,24113,
631,20822,24113,
234,20822,55430,
632,20822,55430,
13,20822,25451,
623,20822,25451,
16,20822,25467,
634,20822,25467,
207,20822,15422,
636,20822,15422,
208,20822,24132,
635,20822,24132,
5,20822,54225,
625,20822,54225,
8,20822,54671,
638,20822,54671,
182,20822,54674,
639,20822,54674,
10240,20822,25487,Chaoyang@Dongcang
10241,20822,25487,
10242,20822,25487,
10243,20822,25487,
10244,20822,25487,
10245,20822,25487,
10246,20822,25487,
10247,20822,25487,
10248,20822,25487,
10249,20822,25487,
10250,20822,25487,
10251,20822,25487,
10252,20822,25487,
10253,20822,25487,
10254,20822,25487,
10255,20822,25487,
10256,20822,25487,
10257,20822,25487,
10258,20822,25487,
10259,20822,25487,
10260,20822,25487,
10261,20822,25487,
10262,20822,25487,
10263,20822,25487,
10264,20822,25487,
10265,20822,25487,
10266,20822,25487,
10267,20822,25487,
183,20822,25487,
184,20822,25487,
185,20822,25487,
186,20822,25487,
187,20822,25487,
188,20822,25487,
189,20822,25487,
190,20822,25487,
191,20822,25487,
192,20822,25487,
193,20822,25487,
194,20822,25487,
195,20822,25487,
196,20822,25487,
197,20822,25487,
198,20822,25487,
199,20822,25487,
200,20822,25487,
201,20822,25487,
202,20822,25487,
203,20822,25487,
204,20822,25487,
205,20822,25487,
206,20822,25487,
10273,20822,25487,
10276,20822,25487,
10272,20822,25487,
10277,20822,25487,
10281,20822,25487,
10282,20822,25487,
10271,20822,25487,
10274,20822,25487,
10270,20822,25487,
10283,20822,25487,
10275,20822,25487,
10279,20822,25487,
10280,20822,25487,
10278,20822,25487,
10269,20822,25487,
10268,20822,25487,
181,20822,54676,
640,20822,54676,
149,20822,54526,
628,20822,54526,
180,20822,45497,
179,20822,45497,
178,20822,54672,
641,20822,54672,
10586,20822,41403,Zhenghe@Taiping
10587,20822,41403,
10588,20822,41403,
10589,20822,41403,
10590,20822,41403,
10591,20822,41403,
10592,20822,41403,
10593,20822,41403,
10594,20822,41403,
10595,20822,41403,
10596,20822,41403,
10597,20822,41403,
10598,20822,41403,
10599,20822,41403,
10600,20822,41403,
10601,20822,41403,
10602,20822,41403,
10603,20822,41403,
10604,20822,41403,
10605,20822,41403,
10606,20822,41403,
10607,20822,41403,
10608,20822,41403,
10609,20822,41403,
10610,20822,41403,
10611,20822,41403,
10612,20822,41403,
10613,20822,41403,
10614,20822,41403,
401,20822,41403,
402,20822,41403,
403,20822,41403,
404,20822,41403,
405,20822,41403,
406,20822,41403,
407,20822,41403,
408,20822,41403,
409,20822,41403,
410,20822,41403,
411,20822,41403,
412,20822,41403,
413,20822,41403,
414,20822,41403,
415,20822,41403,
416,20822,41403,
417,20822,41403,
418,20822,41403,
419,20822,41403,
420,20822,41403,
421,20822,41403,
422,20822,41403,
423,20822,41403,
10619,20822,41403,
10625,20822,41403,
10627,20822,41403,
10629,20822,41403,
10628,20822,41403,
10624,20822,41403,
10617,20822,41403,
10616,20822,41403,
10620,20822,41403,
10618,20822,41403,
10621,20822,41403,
10623,20822,41403,
10615,20822,41403,
10626,20822,41403,
10630,20822,41403,
10622,20822,41403,
370,20822,41406,
630,20822,41406,
399,20969,5402,
400,20969,5402,
398,20969,54254,
644,20969,54254,
288,53631,41403,
647,53631,41403,
287,53631,49003,
638,53631,49003,
15,20969,15400,
633,20969,15400,
262,20969,54002,
649,20969,54002,
290,20969,25401,
289,20969,25401,
10716,20969,25401,
509,20969,25401,
10715,20969,25401,
10717,20969,25401,
289,20969,25401,
10719,20969,25401,
510,20969,25401,
10718,20969,25401,
10720,20969,25401,
261,20969,25427,
650,20969,25427,
7,20822,24121,
637,20822,24121,
260,20822,54676,
651,20822,54676,
10,20696,54271,
654,20696,54271,
10457,20822,25478,Chaoyang@Taiping
10458,20822,25478,
10459,20822,25478,
10460,20822,25478,
10461,20822,25478,
10462,20822,25478,
10463,20822,25478,
10464,20822,25478,
10465,20822,25478,
10466,20822,25478,
10467,20822,25478,
10468,20822,25478,
10469,20822,25478,
10470,20822,25478,
10471,20822,25478,
10472,20822,25478,
10473,20822,25478,
10474,20822,25478,
10475,20822,25478,
10476,20822,25478,
10477,20822,25478,
10478,20822,25478,
10479,20822,25478,
10480,20822,25478,
10481,20822,25478,
315,20822,25478,
316,20822,25478,
317,20822,25478,
318,20822,25478,
319,20822,25478,
320,20822,25478,
321,20822,25478,
322,20822,25478,
325,20822,25478,
326,20822,25478,
327,20822,25478,
328,20822,25478,
329,20822,25478,
330,20822,25478,
331,20822,25478,
332,20822,25478,
333,20822,25478,
334,20822,25478,
335,20822,25478,
336,20822,25478,
337,20822,25478,
338,20822,25478,
10496,20822,25478,
10487,20822,25478,
10490,20822,25478,
10492,20822,25478,
10491,20822,25478,
10488,20822,25478,
10483,20822,25478,
10484,20822,25478,
10495,20822,25478,
10485,20822,25478,
10494,20822,25478,
10489,20822,25478,
10497,20822,25478,
10482,20822,25478,
10486,20822,25478,
10493,20822,25478,
259,53631,44272,
652,53631,44272,
177,20822,41561,
642,20822,41561,
313,20822,45478,
314,20822,45478,
324,20969,54275,
323,20969,54275,
10818,20969,54275,
10819,20969,54275,
10821,20969,54275,
580,20969,54275,
10820,20969,54275,
10822,20969,54275,
10781,20969,41203,Zhenghe@Renmin
10782,20969,41203,
10783,20969,41203,
10784,20969,41203,
10785,20969,41203,
10786,20969,41203,
10787,20969,41203,
10788,20969,41203,
10789,20969,41203,
10790,20969,41203,
10791,20969,41203,
10792,20969,41203,
10793,20969,41203,
10794,20969,41203,
10795,20969,41203,
10796,20969,41203,
10797,20969,41203,
10798,20969,41203,
10799,20969,41203,
10800,20969,41203,
10801,20969,41203,
10802,20969,41203,
10803,20969,41203,
10804,20969,41203,
549,20969,41203,
550,20969,41203,
551,20969,41203,
552,20969,41203,
553,20969,41203,
554,20969,41203,
555,20969,41203,
556,20969,41203,
557,20969,41203,
558,20969,41203,
559,20969,41203,
560,20969,41203,
561,20969,41203,
562,20969,41203,
563,20969,41203,
564,20969,41203,
565,20969,41203,
566,20969,41203,
567,20969,41203,
568,20969,41203,
569,20969,41203,
570,20969,41203,
571,20969,41203,
572,20969,41203,
10815,20969,41203,
10810,20969,41203,
10814,20969,41203,
10811,20969,41203,
10816,20969,41203,
10808,20969,41203,
10807,20969,41203,
10812,20969,41203,
10809,20969,41203,
10806,20969,41203,
10813,20969,41203,
10805,20969,41203,
545,20969,34053,
548,20969,34053,
397,20969,41206,
643,20969,41206,
485,20969,24065,
646,20969,24065,
547,20969,40533,
546,20969,40533,
486,20969,5414,
645,20969,5414,
507,20969,5412,
508,20969,5412,
459,20969,5415,
655,20969,5415,
487,20969,35426,
658,20969,35426,
460,20969,54194,
656,20969,54194,
9,20969,54273,
653,20969,54273,
458,20969,54192,
659,20969,54192,
431,20969,25418,
662,20969,25418,
10823,20822,15403,Chaoyang@Renmin
10824,20822,15403,
10825,20822,15403,
10826,20822,15403,
10827,20822,15403,
10828,20822,15403,
10829,20822,15403,
10830,20822,15403,
10831,20822,15403,
10832,20822,15403,
10833,20822,15403,
10834,20822,15403,
10835,20822,15403,
10836,20822,15403,
10837,20822,15403,
10838,20822,15403,
10839,20822,15403,
10840,20822,15403,
10841,20822,15403,
10842,20822,15403,
10843,20822,15403,
10844,20822,15403,
10845,20822,15403,
10846,20822,15403,
581,20822,15403,
582,20822,15403,
583,20822,15403,
584,20822,15403,
585,20822,15403,
586,20822,15403,
587,20822,15403,
588,20822,15403,
589,20822,15403,
590,20822,15403,
591,20822,15403,
592,20822,15403,
593,20822,15403,
594,20822,15403,
595,20822,15403,
596,20822,15403,
597,20822,15403,
598,20822,15403,
599,20822,15403,
600,20822,15403,
601,20822,15403,
602,20822,15403,
603,20822,15403,
604,20822,15403,
10855,20822,15403,
10858,20822,15403,
10854,20822,15403,
10852,20822,15403,
10853,20822,15403,
10851,20822,15403,
10848,20822,15403,
10849,20822,15403,
10857,20822,15403,
10850,20822,15403,
10856,20822,15403,
10847,20822,15403,
457,20822,35403,
660,20822,35403,
578,20822,35420,
577,20822,35420,
10817,20822,35420,
579,20822,35420,
575,20822,25403,
576,20822,25403,
573,20696,41872,
574,20696,41872,
517,20969,40033,
518,20969,40033,
488,20696,25431,
657,20696,25431,
663,20969,54203,
425,20969,54203,
520,20969,54885,
521,20969,54885,
426,20969,41074,
664,20969,41074,
432,20969,54193,
661,20969,54193,
427,20969,41873,
428,20969,41873,
429,20969,42015,
430,20969,42015,
